iteration,reward_mean,length_mean,games,loss
250,-1.0,2.0,8,0.31659102
500,-0.88,2.12,8,0.35821593
750,0.5,2.5,8,0.56513226
1000,-0.3,2.1,10,0.5081857
